Personalized Product Sales and Workshop Booking System,,,,,,,,,,,
TBD — populate only with approved Mland evidence.,,,,,,,,,,,
,,,,,,,,,,,
#,Risk Description,Category,Probability,Impact,Risk Score (P×I),Mitigation Plan,Contingency Plan,Owner,Due Date,Status,Notes
R-001,No verified dataset or evaluation may make feasibility decisions inaccurate or difficult to justify,Research prototype,High,High,TBD,Keep the engine under validation and require decision audit plus override reason,Do not rely on automatic decisions until evidence and review authority are established,TBD,,Open,No accuracy claim is approved
R-002,Uploaded reference images may be sent to an external AI provider without an approved consent retention or confidence policy,Privacy / Operations,Medium,High,TBD,Require explicit consent and define provider retention and confidence handling,Disable image-assisted intake and use catalogue or staff consultation only,TBD,,Open,AI provider remains TBD
R-003,Full inventory carrier tracking delivery returns or payment features beyond the approved deposit and Member-retail scope may expand V1,Scope,High,High,TBD,Keep the approved boundary: 50 percent workshop deposit full-payment one-unit retail reservation and delivery handoff only,Defer the expansion to a later iteration,TBD,,Open,V1 does not store card data or integrate a carrier
R-004,Staff may charge the extra-attendee fee incorrectly if participation or exceptions are not recorded at check-in,Revenue / Customer experience,Medium,High,TBD,Require staff confirmation of actual product participants and retain the confirmation reason,Escalate disputed fee to an authorised manager and correct the record,TBD,,Open,Proposed fee is 100000 VND per unbooked additional participant pending approval
R-005,A work-in-progress product may be lost damaged or released to the wrong person if custody and continuation evidence are incomplete,Operations / Custody,Medium,High,TBD,Define custody status handover evidence and staff-created continuation workflow,Pause continuation release and resolve custody discrepancy before work resumes,TBD,,Open,Do not allow customer self-created continuation booking under current proposal
R-006,Google review data may be inaccessible misattributed or used unfairly in bonus decisions,Privacy / Compensation,Medium,High,TBD,Run Business Profile access research and require manual attribution reason approver and audit,Do not import reviews or use them in bonus decisions until governance is approved,TBD,,Open,No automatic salary or bonus calculation is approved
R-007,Gateway redirect webhook delay duplication or failure may incorrectly confirm a booking or reserve a ready ring,Payment / Data integrity,Medium,High,TBD,Confirm only a verified gateway transaction and process transaction events idempotently,Keep booking or order pending and reconcile the transaction before staff action,TBD,,Open,Provider and webhook design remain TBD
R-008,Delivery recipient data may be retained or shared beyond the third-party handoff purpose,Privacy / Operations,Medium,High,TBD,Define minimum recipient data retention and a documented staff handoff process,Pause delivery handoff when consent or delivery data is incomplete,TBD,,Open,No carrier integration or live tracking is in V1
R-009,One ready-made ring may be reserved more than once if payment confirmation and reservation are not atomic,Revenue / Data integrity,Medium,High,TBD,Reserve exactly one unit only after verified full payment and prevent duplicate confirmation,Hold the order for staff reconciliation and do not hand over the item,TBD,,Open,Reservation expiry remains TBD
