Mland Operations Hub,,,,,,,,,,
TBD — populate only with approved Mland evidence.,,,,,,,,,,
,,,,,,,,,,
Issue ID,Description,Type,Raised by,Owner (must answer),Status,Priority,Deadline,Affected Area,Resolution / Decision,Resolved Date
OI-001,Define capacity cancellation and no-show rules for the proposed three daily workshop sessions,Functional,Mland Project Team,TBD,Open,High,,Booking,Stakeholder statement 2026-09-16 proposes session times; remaining rules TBD,
OI-002,Define ring-component taxonomy catalogue prices and hard feasibility constraints,Data / Functional,Mland Project Team,TBD,Open,High,,Ring configuration,TBD before configuration rules are approved,
OI-003,Identify the feasibility source weights thresholds quality-confidence policy and labelled evaluation evidence,Research / Business Rule,Mland Project Team,TBD,Open,High,,Feasibility prototype,TBD; no accuracy claim is permitted,
OI-004,Define 4-6 hour review coverage email notification content and guest-code handling,Functional / NFR,Mland Project Team,TBD,Open,High,,Guest review path,TBD before service level is committed,
OI-005,Define final-invoice change consent and cash/bank-transfer payment-record rules,Business Rule,Mland Project Team,TBD,Open,High,,Order collection,TBD before payment rules are approved,
OI-006,Define check-in participation evidence exceptions and approval for the proposed 100000 VND extra-attendee fee,Business Rule,Mland Project Team,TBD,Open,High,,Check-in,TBD; fee applies only to unbooked additional people participating in making the product,
OI-007,Define work-in-progress custody states handover evidence release rules and staff-created continuation-booking workflow,Functional / Operations,Mland Project Team,TBD,Open,High,,Workshop continuation,TBD; customer cannot self-create continuation booking under current proposal,
OI-008,Confirm two-location selection scope and decide when location-specific capacity and product capability become approved requirements,Functional / Scope,Mland Project Team,TBD,Open,High,,Booking location,TBD; V1 currently selects location only,
OI-009,Complete Google Reviews research spike for verified Business Profile OAuth access data policy staff attribution approval and appeal,Business / Integration / Privacy,Mland Project Team,TBD,Open,High,,Owner review dashboard,TBD; no import or payroll automation before governance approval,
